record_id,run_id,component,status,failure_code,release_gate,owner,note
REC-0001,RUN-TBL-0001,battery,PASS,NONE,GREEN,Boreal QA,routine compressed validation row
REC-0002,RUN-TBL-0002,telematics,PASS,NONE,GREEN,Cobalt Systems,routine compressed validation row
REC-0003,RUN-TBL-0003,thermal,PASS,NONE,GREEN,Delta Validation,routine compressed validation row
REC-0004,RUN-TBL-0004,diagnostics,PASS,NONE,GREEN,Aster Lab,routine compressed validation row
REC-0005,RUN-TBL-0005,gateway,PASS,NONE,GREEN,Boreal QA,routine compressed validation row
REC-0006,RUN-TBL-0006,battery,PASS,NONE,GREEN,Cobalt Systems,routine compressed validation row
REC-0007,RUN-TBL-0007,telematics,WARN,WARN_0007,YELLOW,Delta Validation,routine compressed validation row
REC-0008,RUN-TBL-0008,thermal,PASS,NONE,GREEN,Aster Lab,routine compressed validation row
REC-0009,RUN-TBL-0009,diagnostics,PASS,NONE,GREEN,Boreal QA,routine compressed validation row
REC-0010,RUN-TBL-0010,gateway,PASS,NONE,GREEN,Cobalt Systems,routine compressed validation row
REC-0011,RUN-TBL-0011,battery,PASS,NONE,GREEN,Delta Validation,routine compressed validation row
REC-0012,RUN-TBL-0012,telematics,PASS,NONE,GREEN,Aster Lab,routine compressed validation row
REC-0013,RUN-TBL-0013,thermal,PASS,NONE,GREEN,Boreal QA,routine compressed validation row
REC-0014,RUN-TBL-0014,diagnostics,WARN,WARN_0014,YELLOW,Cobalt Systems,routine compressed validation row
REC-0015,RUN-TBL-0015,gateway,PASS,NONE,GREEN,Delta Validation,routine compressed validation row
REC-0016,RUN-TBL-0016,battery,PASS,NONE,GREEN,Aster Lab,routine compressed validation row
REC-0017,RUN-TBL-0017,telematics,PASS,NONE,GREEN,Boreal QA,routine compressed validation row
REC-0018,RUN-TBL-0018,thermal,PASS,NONE,GREEN,Cobalt Systems,routine compressed validation row
REC-0019,RUN-TBL-0019,diagnostics,PASS,NONE,GREEN,Delta Validation,routine compressed validation row
REC-0020,RUN-TBL-0020,gateway,PASS,NONE,GREEN,Aster Lab,routine compressed validation row
REC-0021,RUN-TBL-0021,battery,WARN,WARN_0021,YELLOW,Boreal QA,routine compressed validation row
REC-0022,RUN-TBL-0022,telematics,PASS,NONE,GREEN,Cobalt Systems,routine compressed validation row
REC-0023,RUN-TBL-0023,thermal,PASS,NONE,GREEN,Delta Validation,routine compressed validation row
REC-0024,RUN-TBL-0024,diagnostics,PASS,NONE,GREEN,Aster Lab,routine compressed validation row
REC-0025,RUN-TBL-0025,gateway,PASS,NONE,GREEN,Boreal QA,routine compressed validation row
REC-0026,RUN-TBL-0026,battery,PASS,NONE,GREEN,Cobalt Systems,routine compressed validation row
REC-0027,RUN-TBL-0027,telematics,PASS,NONE,GREEN,Delta Validation,routine compressed validation row
REC-0028,RUN-TBL-0028,thermal,WARN,WARN_0028,YELLOW,Aster Lab,routine compressed validation row
REC-0029,RUN-TBL-0029,diagnostics,PASS,NONE,GREEN,Boreal QA,routine compressed validation row
REC-0030,RUN-TBL-0030,gateway,PASS,NONE,GREEN,Cobalt Systems,routine compressed validation row
REC-0031,RUN-TBL-0031,battery,PASS,NONE,GREEN,Delta Validation,routine compressed validation row
REC-0032,RUN-TBL-0032,telematics,PASS,NONE,GREEN,Aster Lab,routine compressed validation row
REC-0033,RUN-TBL-0033,thermal,PASS,NONE,GREEN,Boreal QA,routine compressed validation row
REC-0034,RUN-TBL-0034,diagnostics,PASS,NONE,GREEN,Cobalt Systems,routine compressed validation row
REC-0035,RUN-TBL-0035,gateway,WARN,WARN_0035,YELLOW,Delta Validation,routine compressed validation row
REC-0036,RUN-TBL-0036,battery,PASS,NONE,GREEN,Aster Lab,routine compressed validation row
REC-0037,RUN-TBL-0037,telematics,PASS,NONE,GREEN,Boreal QA,routine compressed validation row
REC-0038,RUN-TBL-0038,thermal,PASS,NONE,GREEN,Cobalt Systems,routine compressed validation row
REC-0039,RUN-TBL-0039,diagnostics,PASS,NONE,GREEN,Delta Validation,routine compressed validation row
REC-0040,RUN-TBL-0040,gateway,PASS,NONE,GREEN,Aster Lab,routine compressed validation row
REC-0041,RUN-TBL-0041,battery,PASS,NONE,GREEN,Boreal QA,routine compressed validation row
REC-0042,RUN-TBL-0042,telematics,WARN,WARN_0042,YELLOW,Cobalt Systems,routine compressed validation row
REC-0043,RUN-TBL-0043,thermal,PASS,NONE,GREEN,Delta Validation,routine compressed validation row
REC-0044,RUN-TBL-0044,diagnostics,PASS,NONE,GREEN,Aster Lab,routine compressed validation row
REC-0045,RUN-TBL-0045,gateway,PASS,NONE,GREEN,Boreal QA,routine compressed validation row
REC-0046,RUN-TBL-0046,battery,PASS,NONE,GREEN,Cobalt Systems,routine compressed validation row
REC-0047,RUN-TBL-0047,telematics,PASS,NONE,GREEN,Delta Validation,routine compressed validation row
REC-0048,RUN-TBL-0048,thermal,PASS,NONE,GREEN,Aster Lab,routine compressed validation row
REC-0049,RUN-TBL-0049,diagnostics,WARN,WARN_0049,YELLOW,Boreal QA,routine compressed validation row
REC-0050,RUN-TBL-0050,gateway,PASS,NONE,GREEN,Cobalt Systems,routine compressed validation row
REC-0051,RUN-TBL-0051,battery,PASS,NONE,GREEN,Delta Validation,routine compressed validation row
REC-0052,RUN-TBL-0052,telematics,PASS,NONE,GREEN,Aster Lab,routine compressed validation row
REC-0053,RUN-TBL-0053,thermal,PASS,NONE,GREEN,Boreal QA,routine compressed validation row
REC-0054,RUN-TBL-0054,gateway,PASS,NONE,GREEN,Lookalike Control,near identifier control for REC-0540
REC-0055,RUN-TBL-0055,gateway,PASS,NONE,GREEN,Delta Validation,routine compressed validation row
REC-0056,RUN-TBL-0056,battery,WARN,WARN_0056,YELLOW,Aster Lab,routine compressed validation row
REC-0057,RUN-TBL-0057,telematics,PASS,NONE,GREEN,Boreal QA,routine compressed validation row
REC-0058,RUN-TBL-0058,thermal,PASS,NONE,GREEN,Cobalt Systems,routine compressed validation row
REC-0059,RUN-TBL-0059,diagnostics,PASS,NONE,GREEN,Delta Validation,routine compressed validation row
REC-0060,RUN-TBL-0060,gateway,PASS,NONE,GREEN,Aster Lab,routine compressed validation row
REC-0061,RUN-TBL-0061,battery,PASS,NONE,GREEN,Boreal QA,routine compressed validation row
REC-0062,RUN-TBL-0062,telematics,PASS,NONE,GREEN,Cobalt Systems,routine compressed validation row
REC-0063,RUN-TBL-0063,thermal,WARN,WARN_0063,YELLOW,Delta Validation,routine compressed validation row
REC-0064,RUN-TBL-0064,diagnostics,PASS,NONE,GREEN,Aster Lab,routine compressed validation row
REC-0065,RUN-TBL-0065,gateway,PASS,NONE,GREEN,Boreal QA,routine compressed validation row
REC-0066,RUN-TBL-0066,battery,PASS,NONE,GREEN,Cobalt Systems,routine compressed validation row
REC-0067,RUN-TBL-0067,telematics,PASS,NONE,GREEN,Delta Validation,routine compressed validation row
REC-0068,RUN-TBL-0068,thermal,PASS,NONE,GREEN,Aster Lab,routine compressed validation row
REC-0069,RUN-TBL-0069,diagnostics,PASS,NONE,GREEN,Boreal QA,routine compressed validation row
REC-0070,RUN-TBL-0070,gateway,WARN,WARN_0070,YELLOW,Cobalt Systems,routine compressed validation row
REC-0071,RUN-TBL-0071,battery,PASS,NONE,GREEN,Delta Validation,routine compressed validation row
REC-0072,RUN-TBL-0072,telematics,PASS,NONE,GREEN,Aster Lab,routine compressed validation row
REC-0073,RUN-TBL-0073,thermal,PASS,NONE,GREEN,Boreal QA,routine compressed validation row
REC-0074,RUN-TBL-0074,diagnostics,PASS,NONE,GREEN,Cobalt Systems,routine compressed validation row
REC-0075,RUN-TBL-0075,gateway,PASS,NONE,GREEN,Delta Validation,routine compressed validation row
REC-0076,RUN-TBL-0076,battery,PASS,NONE,GREEN,Aster Lab,routine compressed validation row
REC-0077,RUN-TBL-0077,telematics,WARN,WARN_0077,YELLOW,Boreal QA,routine compressed validation row
REC-0078,RUN-TBL-0078,thermal,PASS,NONE,GREEN,Cobalt Systems,routine compressed validation row
REC-0079,RUN-TBL-0079,diagnostics,PASS,NONE,GREEN,Delta Validation,routine compressed validation row
REC-0080,RUN-TBL-0080,gateway,PASS,NONE,GREEN,Aster Lab,routine compressed validation row
REC-0081,RUN-TBL-0081,battery,PASS,NONE,GREEN,Boreal QA,routine compressed validation row
REC-0082,RUN-TBL-0082,telematics,PASS,NONE,GREEN,Cobalt Systems,routine compressed validation row
REC-0083,RUN-TBL-0083,thermal,PASS,NONE,GREEN,Delta Validation,routine compressed validation row
REC-0084,RUN-TBL-0084,diagnostics,WARN,WARN_0084,YELLOW,Aster Lab,routine compressed validation row
REC-0085,RUN-TBL-0085,gateway,PASS,NONE,GREEN,Boreal QA,routine compressed validation row
REC-0086,RUN-TBL-0086,battery,PASS,NONE,GREEN,Cobalt Systems,routine compressed validation row
REC-0087,RUN-TBL-0087,telematics,PASS,NONE,GREEN,Delta Validation,routine compressed validation row
REC-0088,RUN-TBL-0088,thermal,PASS,NONE,GREEN,Aster Lab,routine compressed validation row
REC-0089,RUN-TBL-0089,diagnostics,PASS,NONE,GREEN,Boreal QA,routine compressed validation row
REC-0090,RUN-TBL-0090,gateway,PASS,NONE,GREEN,Cobalt Systems,routine compressed validation row
REC-0091,RUN-TBL-0091,battery,WARN,WARN_0091,YELLOW,Delta Validation,routine compressed validation row
REC-0092,RUN-TBL-0092,telematics,PASS,NONE,GREEN,Aster Lab,routine compressed validation row
REC-0093,RUN-TBL-0093,thermal,PASS,NONE,GREEN,Boreal QA,routine compressed validation row
REC-0094,RUN-TBL-0094,diagnostics,PASS,NONE,GREEN,Cobalt Systems,routine compressed validation row
REC-0095,RUN-TBL-0095,gateway,PASS,NONE,GREEN,Delta Validation,routine compressed validation row
REC-0096,RUN-TBL-0096,battery,PASS,NONE,GREEN,Aster Lab,routine compressed validation row
REC-0097,RUN-TBL-0097,telematics,PASS,NONE,GREEN,Boreal QA,routine compressed validation row
REC-0098,RUN-TBL-0098,thermal,WARN,WARN_0098,YELLOW,Cobalt Systems,routine compressed validation row
REC-0099,RUN-TBL-0099,diagnostics,PASS,NONE,GREEN,Delta Validation,routine compressed validation row
REC-0100,RUN-TBL-0100,gateway,PASS,NONE,GREEN,Aster Lab,routine compressed validation row
REC-0101,RUN-TBL-0101,battery,PASS,NONE,GREEN,Boreal QA,routine compressed validation row
REC-0102,RUN-TBL-0102,telematics,PASS,NONE,GREEN,Cobalt Systems,routine compressed validation row
REC-0103,RUN-TBL-0103,thermal,PASS,NONE,GREEN,Delta Validation,routine compressed validation row
REC-0104,RUN-TBL-0104,diagnostics,PASS,NONE,GREEN,Aster Lab,routine compressed validation row
REC-0105,RUN-TBL-0105,gateway,WARN,WARN_0105,YELLOW,Boreal QA,routine compressed validation row
REC-0106,RUN-TBL-0106,battery,PASS,NONE,GREEN,Cobalt Systems,routine compressed validation row
REC-0107,RUN-TBL-0107,telematics,PASS,NONE,GREEN,Delta Validation,routine compressed validation row
REC-0108,RUN-TBL-0108,thermal,PASS,NONE,GREEN,Aster Lab,routine compressed validation row
REC-0109,RUN-TBL-0109,diagnostics,PASS,NONE,GREEN,Boreal QA,routine compressed validation row
REC-0110,RUN-TBL-0110,gateway,PASS,NONE,GREEN,Cobalt Systems,routine compressed validation row
REC-0111,RUN-TBL-0111,battery,PASS,NONE,GREEN,Delta Validation,routine compressed validation row
REC-0112,RUN-TBL-0112,telematics,WARN,WARN_0112,YELLOW,Aster Lab,routine compressed validation row
REC-0113,RUN-TBL-0113,thermal,PASS,NONE,GREEN,Boreal QA,routine compressed validation row
REC-0114,RUN-TBL-0114,diagnostics,PASS,NONE,GREEN,Cobalt Systems,routine compressed validation row
REC-0115,RUN-TBL-0115,gateway,PASS,NONE,GREEN,Delta Validation,routine compressed validation row
REC-0116,RUN-TBL-0116,battery,PASS,NONE,GREEN,Aster Lab,routine compressed validation row
REC-0117,RUN-TBL-0117,telematics,PASS,NONE,GREEN,Boreal QA,routine compressed validation row
REC-0118,RUN-TBL-0118,thermal,PASS,NONE,GREEN,Cobalt Systems,routine compressed validation row
REC-0119,RUN-TBL-0119,diagnostics,WARN,WARN_0119,YELLOW,Delta Validation,routine compressed validation row
REC-0120,RUN-TBL-0120,gateway,PASS,NONE,GREEN,Aster Lab,routine compressed validation row
REC-0121,RUN-TBL-0121,battery,PASS,NONE,GREEN,Boreal QA,routine compressed validation row
REC-0122,RUN-TBL-0122,telematics,PASS,NONE,GREEN,Cobalt Systems,routine compressed validation row
REC-0123,RUN-TBL-0123,thermal,PASS,NONE,GREEN,Delta Validation,routine compressed validation row
REC-0124,RUN-TBL-0124,diagnostics,PASS,NONE,GREEN,Aster Lab,routine compressed validation row
REC-0125,RUN-TBL-0125,gateway,PASS,NONE,GREEN,Boreal QA,routine compressed validation row
REC-0126,RUN-TBL-0126,battery,WARN,WARN_0126,YELLOW,Cobalt Systems,routine compressed validation row
REC-0127,RUN-TBL-0127,telematics,PASS,NONE,GREEN,Delta Validation,routine compressed validation row
REC-0128,RUN-TBL-0128,thermal,PASS,NONE,GREEN,Aster Lab,routine compressed validation row
REC-0129,RUN-TBL-0129,diagnostics,PASS,NONE,GREEN,Boreal QA,routine compressed validation row
REC-0130,RUN-TBL-0130,gateway,PASS,NONE,GREEN,Cobalt Systems,routine compressed validation row
REC-0131,RUN-TBL-0131,battery,PASS,NONE,GREEN,Delta Validation,routine compressed validation row
REC-0132,RUN-TBL-0132,telematics,PASS,NONE,GREEN,Aster Lab,routine compressed validation row
REC-0133,RUN-TBL-0133,thermal,WARN,WARN_0133,YELLOW,Boreal QA,routine compressed validation row
REC-0134,RUN-TBL-0134,diagnostics,PASS,NONE,GREEN,Cobalt Systems,routine compressed validation row
REC-0135,RUN-TBL-0135,gateway,PASS,NONE,GREEN,Delta Validation,routine compressed validation row
REC-0136,RUN-TBL-0136,battery,PASS,NONE,GREEN,Aster Lab,routine compressed validation row
REC-0137,RUN-TBL-0137,telematics,PASS,NONE,GREEN,Boreal QA,routine compressed validation row
REC-0138,RUN-TBL-0138,thermal,PASS,NONE,GREEN,Cobalt Systems,routine compressed validation row
REC-0139,RUN-TBL-0139,diagnostics,PASS,NONE,GREEN,Delta Validation,routine compressed validation row
REC-0140,RUN-TBL-0140,gateway,WARN,WARN_0140,YELLOW,Aster Lab,routine compressed validation row
REC-0141,RUN-TBL-0141,battery,PASS,NONE,GREEN,Boreal QA,routine compressed validation row
REC-0142,RUN-TBL-0142,telematics,PASS,NONE,GREEN,Cobalt Systems,routine compressed validation row
REC-0143,RUN-TBL-0143,thermal,PASS,NONE,GREEN,Delta Validation,routine compressed validation row
REC-0144,RUN-TBL-0144,diagnostics,PASS,NONE,GREEN,Aster Lab,routine compressed validation row
REC-0145,RUN-TBL-0145,gateway,PASS,NONE,GREEN,Boreal QA,routine compressed validation row
REC-0146,RUN-TBL-0146,battery,PASS,NONE,GREEN,Cobalt Systems,routine compressed validation row
REC-0147,RUN-TBL-0147,telematics,WARN,WARN_0147,YELLOW,Delta Validation,routine compressed validation row
REC-0148,RUN-TBL-0148,thermal,PASS,NONE,GREEN,Aster Lab,routine compressed validation row
REC-0149,RUN-TBL-0149,diagnostics,PASS,NONE,GREEN,Boreal QA,routine compressed validation row
REC-0150,RUN-TBL-0150,gateway,PASS,NONE,GREEN,Cobalt Systems,routine compressed validation row
REC-0151,RUN-TBL-0151,battery,PASS,NONE,GREEN,Delta Validation,routine compressed validation row
REC-0152,RUN-TBL-0152,telematics,PASS,NONE,GREEN,Aster Lab,routine compressed validation row
REC-0153,RUN-TBL-0153,thermal,PASS,NONE,GREEN,Boreal QA,routine compressed validation row
REC-0154,RUN-TBL-0154,diagnostics,WARN,WARN_0154,YELLOW,Cobalt Systems,routine compressed validation row
REC-0155,RUN-TBL-0155,gateway,PASS,NONE,GREEN,Delta Validation,routine compressed validation row
REC-0156,RUN-TBL-0156,battery,PASS,NONE,GREEN,Aster Lab,routine compressed validation row
REC-0157,RUN-TBL-0157,telematics,PASS,NONE,GREEN,Boreal QA,routine compressed validation row
REC-0158,RUN-TBL-0158,thermal,PASS,NONE,GREEN,Cobalt Systems,routine compressed validation row
REC-0159,RUN-TBL-0159,diagnostics,PASS,NONE,GREEN,Delta Validation,routine compressed validation row
REC-0160,RUN-TBL-0160,gateway,PASS,NONE,GREEN,Aster Lab,routine compressed validation row
REC-0161,RUN-TBL-0161,battery,WARN,WARN_0161,YELLOW,Boreal QA,routine compressed validation row
REC-0162,RUN-TBL-0162,telematics,PASS,NONE,GREEN,Cobalt Systems,routine compressed validation row
REC-0163,RUN-TBL-0163,thermal,PASS,NONE,GREEN,Delta Validation,routine compressed validation row
REC-0164,RUN-TBL-0164,diagnostics,PASS,NONE,GREEN,Aster Lab,routine compressed validation row
REC-0165,RUN-TBL-0165,gateway,PASS,NONE,GREEN,Boreal QA,routine compressed validation row
REC-0166,RUN-TBL-0166,battery,PASS,NONE,GREEN,Cobalt Systems,routine compressed validation row
REC-0167,RUN-TBL-0167,telematics,PASS,NONE,GREEN,Delta Validation,routine compressed validation row
REC-0168,RUN-TBL-0168,thermal,WARN,WARN_0168,YELLOW,Aster Lab,routine compressed validation row
REC-0169,RUN-TBL-0169,diagnostics,PASS,NONE,GREEN,Boreal QA,routine compressed validation row
REC-0170,RUN-TBL-0170,gateway,PASS,NONE,GREEN,Cobalt Systems,routine compressed validation row
REC-0171,RUN-TBL-0171,battery,PASS,NONE,GREEN,Delta Validation,routine compressed validation row
REC-0172,RUN-TBL-0172,telematics,PASS,NONE,GREEN,Aster Lab,routine compressed validation row
REC-0173,RUN-TBL-0173,thermal,PASS,NONE,GREEN,Boreal QA,routine compressed validation row
REC-0174,RUN-TBL-0174,diagnostics,PASS,NONE,GREEN,Cobalt Systems,routine compressed validation row
REC-0175,RUN-TBL-0175,gateway,WARN,WARN_0175,YELLOW,Delta Validation,routine compressed validation row
REC-0176,RUN-TBL-0176,battery,PASS,NONE,GREEN,Aster Lab,routine compressed validation row
REC-0177,RUN-TBL-0177,telematics,PASS,NONE,GREEN,Boreal QA,routine compressed validation row
REC-0178,RUN-TBL-0178,thermal,PASS,NONE,GREEN,Cobalt Systems,routine compressed validation row
REC-0179,RUN-TBL-0179,diagnostics,PASS,NONE,GREEN,Delta Validation,routine compressed validation row
REC-0180,RUN-TBL-0180,gateway,PASS,NONE,GREEN,Aster Lab,routine compressed validation row
REC-0181,RUN-TBL-0181,battery,PASS,NONE,GREEN,Boreal QA,routine compressed validation row
REC-0182,RUN-TBL-0182,telematics,WARN,WARN_0182,YELLOW,Cobalt Systems,routine compressed validation row
REC-0183,RUN-TBL-0183,thermal,PASS,NONE,GREEN,Delta Validation,routine compressed validation row
REC-0184,RUN-TBL-0184,diagnostics,PASS,NONE,GREEN,Aster Lab,routine compressed validation row
REC-0185,RUN-TBL-0185,gateway,PASS,NONE,GREEN,Boreal QA,routine compressed validation row
REC-0186,RUN-TBL-0186,battery,PASS,NONE,GREEN,Cobalt Systems,routine compressed validation row
REC-0187,RUN-TBL-0187,telematics,PASS,NONE,GREEN,Delta Validation,routine compressed validation row
REC-0188,RUN-TBL-0188,thermal,PASS,NONE,GREEN,Aster Lab,routine compressed validation row
REC-0189,RUN-TBL-0189,diagnostics,WARN,WARN_0189,YELLOW,Boreal QA,routine compressed validation row
REC-0190,RUN-TBL-0190,gateway,PASS,NONE,GREEN,Cobalt Systems,routine compressed validation row
REC-0191,RUN-TBL-0191,battery,PASS,NONE,GREEN,Delta Validation,routine compressed validation row
REC-0192,RUN-TBL-0192,telematics,PASS,NONE,GREEN,Aster Lab,routine compressed validation row
REC-0193,RUN-TBL-0193,thermal,PASS,NONE,GREEN,Boreal QA,routine compressed validation row
REC-0194,RUN-TBL-0194,diagnostics,PASS,NONE,GREEN,Cobalt Systems,routine compressed validation row
REC-0195,RUN-TBL-0195,gateway,PASS,NONE,GREEN,Delta Validation,routine compressed validation row
REC-0196,RUN-TBL-0196,battery,WARN,WARN_0196,YELLOW,Aster Lab,routine compressed validation row
REC-0197,RUN-TBL-0197,telematics,PASS,NONE,GREEN,Boreal QA,routine compressed validation row
REC-0198,RUN-TBL-0198,thermal,PASS,NONE,GREEN,Cobalt Systems,routine compressed validation row
REC-0199,RUN-TBL-0199,diagnostics,PASS,NONE,GREEN,Delta Validation,routine compressed validation row
REC-0200,RUN-TBL-0200,gateway,PASS,NONE,GREEN,Aster Lab,routine compressed validation row
REC-0201,RUN-TBL-0201,battery,PASS,NONE,GREEN,Boreal QA,routine compressed validation row
REC-0202,RUN-TBL-0202,telematics,PASS,NONE,GREEN,Cobalt Systems,routine compressed validation row
REC-0203,RUN-TBL-0203,thermal,WARN,WARN_0203,YELLOW,Delta Validation,routine compressed validation row
REC-0204,RUN-TBL-0204,diagnostics,PASS,NONE,GREEN,Aster Lab,routine compressed validation row
REC-0205,RUN-TBL-0205,gateway,PASS,NONE,GREEN,Boreal QA,routine compressed validation row
REC-0206,RUN-TBL-0206,battery,PASS,NONE,GREEN,Cobalt Systems,routine compressed validation row
REC-0207,RUN-TBL-0207,telematics,PASS,NONE,GREEN,Delta Validation,routine compressed validation row
REC-0208,RUN-TBL-0208,thermal,PASS,NONE,GREEN,Aster Lab,routine compressed validation row
REC-0209,RUN-TBL-0209,diagnostics,PASS,NONE,GREEN,Boreal QA,routine compressed validation row
REC-0210,RUN-TBL-0210,gateway,WARN,WARN_0210,YELLOW,Cobalt Systems,routine compressed validation row
REC-0211,RUN-TBL-0211,battery,PASS,NONE,GREEN,Delta Validation,routine compressed validation row
REC-0212,RUN-TBL-0212,telematics,PASS,NONE,GREEN,Aster Lab,routine compressed validation row
REC-0213,RUN-TBL-0213,thermal,PASS,NONE,GREEN,Boreal QA,routine compressed validation row
REC-0214,RUN-TBL-0214,diagnostics,PASS,NONE,GREEN,Cobalt Systems,routine compressed validation row
REC-0215,RUN-TBL-0215,gateway,PASS,NONE,GREEN,Delta Validation,routine compressed validation row
REC-0216,RUN-TBL-0216,battery,PASS,NONE,GREEN,Aster Lab,routine compressed validation row
REC-0217,RUN-TBL-0217,telematics,WARN,WARN_0217,YELLOW,Boreal QA,routine compressed validation row
REC-0218,RUN-TBL-0218,thermal,PASS,NONE,GREEN,Cobalt Systems,routine compressed validation row
REC-0219,RUN-TBL-0219,diagnostics,PASS,NONE,GREEN,Delta Validation,routine compressed validation row
REC-0220,RUN-TBL-0220,gateway,PASS,NONE,GREEN,Aster Lab,routine compressed validation row
REC-0221,RUN-TBL-0221,battery,PASS,NONE,GREEN,Boreal QA,routine compressed validation row
REC-0222,RUN-TBL-0222,telematics,PASS,NONE,GREEN,Cobalt Systems,routine compressed validation row
REC-0223,RUN-TBL-0223,thermal,PASS,NONE,GREEN,Delta Validation,routine compressed validation row
REC-0224,RUN-TBL-0224,diagnostics,WARN,WARN_0224,YELLOW,Aster Lab,routine compressed validation row
REC-0225,RUN-TBL-0225,gateway,PASS,NONE,GREEN,Boreal QA,routine compressed validation row
REC-0226,RUN-TBL-0226,battery,PASS,NONE,GREEN,Cobalt Systems,routine compressed validation row
REC-0227,RUN-TBL-0227,telematics,PASS,NONE,GREEN,Delta Validation,routine compressed validation row
REC-0228,RUN-TBL-0228,thermal,PASS,NONE,GREEN,Aster Lab,routine compressed validation row
REC-0229,RUN-TBL-0229,diagnostics,PASS,NONE,GREEN,Boreal QA,routine compressed validation row
REC-0230,RUN-TBL-0230,gateway,PASS,NONE,GREEN,Cobalt Systems,routine compressed validation row
REC-0231,RUN-TBL-0231,battery,WARN,WARN_0231,YELLOW,Delta Validation,routine compressed validation row
REC-0232,RUN-TBL-0232,telematics,PASS,NONE,GREEN,Aster Lab,routine compressed validation row
REC-0233,RUN-TBL-0233,thermal,PASS,NONE,GREEN,Boreal QA,routine compressed validation row
REC-0234,RUN-TBL-0234,diagnostics,PASS,NONE,GREEN,Cobalt Systems,routine compressed validation row
REC-0235,RUN-TBL-0235,gateway,PASS,NONE,GREEN,Delta Validation,routine compressed validation row
REC-0236,RUN-TBL-0236,battery,PASS,NONE,GREEN,Aster Lab,routine compressed validation row
REC-0237,RUN-TBL-0237,telematics,PASS,NONE,GREEN,Boreal QA,routine compressed validation row
REC-0238,RUN-TBL-0238,thermal,WARN,WARN_0238,YELLOW,Cobalt Systems,routine compressed validation row
REC-0239,RUN-TBL-0239,diagnostics,PASS,NONE,GREEN,Delta Validation,routine compressed validation row
REC-0240,RUN-TBL-0240,gateway,PASS,NONE,GREEN,Aster Lab,routine compressed validation row
REC-0241,RUN-TBL-0241,battery,PASS,NONE,GREEN,Boreal QA,routine compressed validation row
REC-0242,RUN-TBL-0242,telematics,PASS,NONE,GREEN,Cobalt Systems,routine compressed validation row
REC-0243,RUN-TBL-0243,thermal,PASS,NONE,GREEN,Delta Validation,routine compressed validation row
REC-0244,RUN-TBL-0244,diagnostics,PASS,NONE,GREEN,Aster Lab,routine compressed validation row
REC-0245,RUN-TBL-0245,gateway,WARN,WARN_0245,YELLOW,Boreal QA,routine compressed validation row
REC-0246,RUN-TBL-0246,battery,PASS,NONE,GREEN,Cobalt Systems,routine compressed validation row
REC-0247,RUN-TBL-0247,telematics,PASS,NONE,GREEN,Delta Validation,routine compressed validation row
REC-0248,RUN-TBL-0248,thermal,PASS,NONE,GREEN,Aster Lab,routine compressed validation row
REC-0249,RUN-TBL-0249,diagnostics,PASS,NONE,GREEN,Boreal QA,routine compressed validation row
REC-0250,RUN-TBL-0250,gateway,PASS,NONE,GREEN,Cobalt Systems,routine compressed validation row
REC-0251,RUN-TBL-0251,battery,PASS,NONE,GREEN,Delta Validation,routine compressed validation row
REC-0252,RUN-TBL-0252,telematics,WARN,WARN_0252,YELLOW,Aster Lab,routine compressed validation row
REC-0253,RUN-TBL-0253,thermal,PASS,NONE,GREEN,Boreal QA,routine compressed validation row
REC-0254,RUN-TBL-0254,diagnostics,PASS,NONE,GREEN,Cobalt Systems,routine compressed validation row
REC-0255,RUN-TBL-0255,gateway,PASS,NONE,GREEN,Delta Validation,routine compressed validation row
REC-0256,RUN-TBL-0256,battery,PASS,NONE,GREEN,Aster Lab,routine compressed validation row
REC-0257,RUN-TBL-0257,telematics,PASS,NONE,GREEN,Boreal QA,routine compressed validation row
REC-0258,RUN-TBL-0258,thermal,PASS,NONE,GREEN,Cobalt Systems,routine compressed validation row
REC-0259,RUN-TBL-0259,diagnostics,WARN,WARN_0259,YELLOW,Delta Validation,routine compressed validation row
REC-0260,RUN-TBL-0260,gateway,PASS,NONE,GREEN,Aster Lab,routine compressed validation row
REC-0261,RUN-TBL-0261,battery,PASS,NONE,GREEN,Boreal QA,routine compressed validation row
REC-0262,RUN-TBL-0262,telematics,PASS,NONE,GREEN,Cobalt Systems,routine compressed validation row
REC-0263,RUN-TBL-0263,thermal,PASS,NONE,GREEN,Delta Validation,routine compressed validation row
REC-0264,RUN-TBL-0264,diagnostics,PASS,NONE,GREEN,Aster Lab,routine compressed validation row
REC-0265,RUN-TBL-0265,gateway,PASS,NONE,GREEN,Boreal QA,routine compressed validation row
REC-0266,RUN-TBL-0266,battery,WARN,WARN_0266,YELLOW,Cobalt Systems,routine compressed validation row
REC-0267,RUN-TBL-0267,telematics,PASS,NONE,GREEN,Delta Validation,routine compressed validation row
REC-0268,RUN-TBL-0268,thermal,PASS,NONE,GREEN,Aster Lab,routine compressed validation row
REC-0269,RUN-TBL-0269,diagnostics,PASS,NONE,GREEN,Boreal QA,routine compressed validation row
REC-0270,RUN-TBL-0270,gateway,PASS,NONE,GREEN,Cobalt Systems,routine compressed validation row
REC-0271,RUN-TBL-0271,battery,PASS,NONE,GREEN,Delta Validation,routine compressed validation row
REC-0272,RUN-TBL-0272,telematics,PASS,NONE,GREEN,Aster Lab,routine compressed validation row
REC-0273,RUN-TBL-0273,thermal,WARN,WARN_0273,YELLOW,Boreal QA,routine compressed validation row
REC-0274,RUN-TBL-0274,diagnostics,PASS,NONE,GREEN,Cobalt Systems,routine compressed validation row
REC-0275,RUN-TBL-0275,gateway,PASS,NONE,GREEN,Delta Validation,routine compressed validation row
REC-0276,RUN-TBL-0276,battery,PASS,NONE,GREEN,Aster Lab,routine compressed validation row
REC-0277,RUN-TBL-0277,telematics,PASS,NONE,GREEN,Boreal QA,routine compressed validation row
REC-0278,RUN-TBL-0278,thermal,PASS,NONE,GREEN,Cobalt Systems,routine compressed validation row
REC-0279,RUN-TBL-0279,diagnostics,PASS,NONE,GREEN,Delta Validation,routine compressed validation row
REC-0280,RUN-TBL-0280,gateway,WARN,WARN_0280,YELLOW,Aster Lab,routine compressed validation row
REC-0281,RUN-TBL-0281,battery,PASS,NONE,GREEN,Boreal QA,routine compressed validation row
REC-0282,RUN-TBL-0282,telematics,PASS,NONE,GREEN,Cobalt Systems,routine compressed validation row
REC-0283,RUN-TBL-0283,thermal,PASS,NONE,GREEN,Delta Validation,routine compressed validation row
REC-0284,RUN-TBL-0284,diagnostics,PASS,NONE,GREEN,Aster Lab,routine compressed validation row
REC-0285,RUN-TBL-0285,gateway,PASS,NONE,GREEN,Boreal QA,routine compressed validation row
REC-0286,RUN-TBL-0286,battery,PASS,NONE,GREEN,Cobalt Systems,routine compressed validation row
REC-0287,RUN-TBL-0287,telematics,WARN,WARN_0287,YELLOW,Delta Validation,routine compressed validation row
REC-0288,RUN-TBL-0288,thermal,PASS,NONE,GREEN,Aster Lab,routine compressed validation row
REC-0289,RUN-TBL-0289,diagnostics,PASS,NONE,GREEN,Boreal QA,routine compressed validation row
REC-0290,RUN-TBL-0290,gateway,PASS,NONE,GREEN,Cobalt Systems,routine compressed validation row
REC-0291,RUN-TBL-0291,battery,PASS,NONE,GREEN,Delta Validation,routine compressed validation row
REC-0292,RUN-TBL-0292,telematics,PASS,NONE,GREEN,Aster Lab,routine compressed validation row
REC-0293,RUN-TBL-0293,thermal,PASS,NONE,GREEN,Boreal QA,routine compressed validation row
REC-0294,RUN-TBL-0294,diagnostics,WARN,WARN_0294,YELLOW,Cobalt Systems,routine compressed validation row
REC-0295,RUN-TBL-0295,gateway,PASS,NONE,GREEN,Delta Validation,routine compressed validation row
REC-0296,RUN-TBL-0296,battery,PASS,NONE,GREEN,Aster Lab,routine compressed validation row
REC-0297,RUN-TBL-0297,telematics,PASS,NONE,GREEN,Boreal QA,routine compressed validation row
REC-0298,RUN-TBL-0298,thermal,PASS,NONE,GREEN,Cobalt Systems,routine compressed validation row
REC-0299,RUN-TBL-0299,diagnostics,PASS,NONE,GREEN,Delta Validation,routine compressed validation row
REC-0300,RUN-TBL-0300,gateway,PASS,NONE,GREEN,Aster Lab,routine compressed validation row
REC-0301,RUN-TBL-0301,battery,WARN,WARN_0301,YELLOW,Boreal QA,routine compressed validation row
REC-0302,RUN-TBL-0302,telematics,PASS,NONE,GREEN,Cobalt Systems,routine compressed validation row
REC-0303,RUN-TBL-0303,thermal,PASS,NONE,GREEN,Delta Validation,routine compressed validation row
REC-0304,RUN-TBL-0304,diagnostics,PASS,NONE,GREEN,Aster Lab,routine compressed validation row
REC-0305,RUN-TBL-0305,gateway,PASS,NONE,GREEN,Boreal QA,routine compressed validation row
REC-0306,RUN-TBL-0306,battery,PASS,NONE,GREEN,Cobalt Systems,routine compressed validation row
REC-0307,RUN-TBL-0307,telematics,PASS,NONE,GREEN,Delta Validation,routine compressed validation row
REC-0308,RUN-TBL-0308,thermal,WARN,WARN_0308,YELLOW,Aster Lab,routine compressed validation row
REC-0309,RUN-TBL-0309,diagnostics,PASS,NONE,GREEN,Boreal QA,routine compressed validation row
REC-0310,RUN-TBL-0310,gateway,PASS,NONE,GREEN,Cobalt Systems,routine compressed validation row
REC-0311,RUN-TBL-0311,battery,PASS,NONE,GREEN,Delta Validation,routine compressed validation row
REC-0312,RUN-TBL-0312,telematics,PASS,NONE,GREEN,Aster Lab,routine compressed validation row
REC-0313,RUN-TBL-0313,thermal,PASS,NONE,GREEN,Boreal QA,routine compressed validation row
REC-0314,RUN-TBL-0314,diagnostics,PASS,NONE,GREEN,Cobalt Systems,routine compressed validation row
REC-0315,RUN-TBL-0315,gateway,WARN,WARN_0315,YELLOW,Delta Validation,routine compressed validation row
REC-0316,RUN-TBL-0316,battery,PASS,NONE,GREEN,Aster Lab,routine compressed validation row
REC-0317,RUN-TBL-0317,telematics,PASS,NONE,GREEN,Boreal QA,routine compressed validation row
REC-0318,RUN-TBL-0318,thermal,PASS,NONE,GREEN,Cobalt Systems,routine compressed validation row
REC-0319,RUN-TBL-0319,diagnostics,PASS,NONE,GREEN,Delta Validation,routine compressed validation row
REC-0320,RUN-TBL-0320,gateway,PASS,NONE,GREEN,Aster Lab,routine compressed validation row
REC-0321,RUN-TBL-0321,battery,PASS,NONE,GREEN,Boreal QA,routine compressed validation row
REC-0322,RUN-TBL-0322,telematics,WARN,WARN_0322,YELLOW,Cobalt Systems,routine compressed validation row
REC-0323,RUN-TBL-0323,thermal,PASS,NONE,GREEN,Delta Validation,routine compressed validation row
REC-0324,RUN-TBL-0324,diagnostics,PASS,NONE,GREEN,Aster Lab,routine compressed validation row
REC-0325,RUN-TBL-0325,gateway,PASS,NONE,GREEN,Boreal QA,routine compressed validation row
REC-0326,RUN-TBL-0326,battery,PASS,NONE,GREEN,Cobalt Systems,routine compressed validation row
REC-0327,RUN-TBL-0327,telematics,PASS,NONE,GREEN,Delta Validation,routine compressed validation row
REC-0328,RUN-TBL-0328,thermal,PASS,NONE,GREEN,Aster Lab,routine compressed validation row
REC-0329,RUN-TBL-0329,diagnostics,WARN,WARN_0329,YELLOW,Boreal QA,routine compressed validation row
REC-0330,RUN-TBL-0330,gateway,PASS,NONE,GREEN,Cobalt Systems,routine compressed validation row
REC-0331,RUN-TBL-0331,battery,PASS,NONE,GREEN,Delta Validation,routine compressed validation row
REC-0332,RUN-TBL-0332,telematics,PASS,NONE,GREEN,Aster Lab,routine compressed validation row
REC-0333,RUN-TBL-0333,thermal,PASS,NONE,GREEN,Boreal QA,routine compressed validation row
REC-0334,RUN-TBL-0334,diagnostics,PASS,NONE,GREEN,Cobalt Systems,routine compressed validation row
REC-0335,RUN-TBL-0335,gateway,PASS,NONE,GREEN,Delta Validation,routine compressed validation row
REC-0336,RUN-TBL-0336,battery,WARN,WARN_0336,YELLOW,Aster Lab,routine compressed validation row
REC-0337,RUN-TBL-0337,telematics,PASS,NONE,GREEN,Boreal QA,routine compressed validation row
REC-0338,RUN-TBL-0338,thermal,PASS,NONE,GREEN,Cobalt Systems,routine compressed validation row
REC-0339,RUN-TBL-0339,diagnostics,PASS,NONE,GREEN,Delta Validation,routine compressed validation row
REC-0340,RUN-TBL-0340,gateway,PASS,NONE,GREEN,Aster Lab,routine compressed validation row
REC-0341,RUN-TBL-0341,battery,PASS,NONE,GREEN,Boreal QA,routine compressed validation row
REC-0342,RUN-TBL-0342,telematics,PASS,NONE,GREEN,Cobalt Systems,routine compressed validation row
REC-0343,RUN-TBL-0343,thermal,WARN,WARN_0343,YELLOW,Delta Validation,routine compressed validation row
REC-0344,RUN-TBL-0344,diagnostics,PASS,NONE,GREEN,Aster Lab,routine compressed validation row
REC-0345,RUN-TBL-0345,gateway,PASS,NONE,GREEN,Boreal QA,routine compressed validation row
REC-0346,RUN-TBL-0346,battery,PASS,NONE,GREEN,Cobalt Systems,routine compressed validation row
REC-0347,RUN-TBL-0347,telematics,PASS,NONE,GREEN,Delta Validation,routine compressed validation row
REC-0348,RUN-TBL-0348,thermal,PASS,NONE,GREEN,Aster Lab,routine compressed validation row
REC-0349,RUN-TBL-0349,diagnostics,PASS,NONE,GREEN,Boreal QA,routine compressed validation row
REC-0350,RUN-TBL-0350,gateway,WARN,WARN_0350,YELLOW,Cobalt Systems,routine compressed validation row
REC-0351,RUN-TBL-0351,battery,PASS,NONE,GREEN,Delta Validation,routine compressed validation row
REC-0352,RUN-TBL-0352,telematics,PASS,NONE,GREEN,Aster Lab,routine compressed validation row
REC-0353,RUN-TBL-0353,thermal,PASS,NONE,GREEN,Boreal QA,routine compressed validation row
REC-0354,RUN-TBL-0354,diagnostics,PASS,NONE,GREEN,Cobalt Systems,routine compressed validation row
REC-0355,RUN-TBL-0355,gateway,PASS,NONE,GREEN,Delta Validation,routine compressed validation row
REC-0356,RUN-TBL-0356,battery,PASS,NONE,GREEN,Aster Lab,routine compressed validation row
REC-0357,RUN-TBL-0357,telematics,WARN,WARN_0357,YELLOW,Boreal QA,routine compressed validation row
REC-0358,RUN-TBL-0358,thermal,PASS,NONE,GREEN,Cobalt Systems,routine compressed validation row
REC-0359,RUN-TBL-0359,diagnostics,PASS,NONE,GREEN,Delta Validation,routine compressed validation row
REC-0360,RUN-TBL-0360,gateway,PASS,NONE,GREEN,Aster Lab,routine compressed validation row
REC-0361,RUN-TBL-0361,battery,PASS,NONE,GREEN,Boreal QA,routine compressed validation row
REC-0362,RUN-TBL-0362,telematics,PASS,NONE,GREEN,Cobalt Systems,routine compressed validation row
REC-0363,RUN-TBL-0363,thermal,PASS,NONE,GREEN,Delta Validation,routine compressed validation row
REC-0364,RUN-TBL-0364,diagnostics,WARN,WARN_0364,YELLOW,Aster Lab,routine compressed validation row
REC-0365,RUN-TBL-0365,gateway,PASS,NONE,GREEN,Boreal QA,routine compressed validation row
REC-0366,RUN-TBL-0366,battery,PASS,NONE,GREEN,Cobalt Systems,routine compressed validation row
REC-0367,RUN-TBL-0367,telematics,PASS,NONE,GREEN,Delta Validation,routine compressed validation row
REC-0368,RUN-TBL-0368,thermal,PASS,NONE,GREEN,Aster Lab,routine compressed validation row
REC-0369,RUN-TBL-0369,diagnostics,PASS,NONE,GREEN,Boreal QA,routine compressed validation row
REC-0370,RUN-TBL-0370,gateway,PASS,NONE,GREEN,Cobalt Systems,routine compressed validation row
REC-0371,RUN-TBL-0371,battery,WARN,WARN_0371,YELLOW,Delta Validation,routine compressed validation row
REC-0372,RUN-TBL-0372,telematics,PASS,NONE,GREEN,Aster Lab,routine compressed validation row
REC-0373,RUN-TBL-0373,thermal,PASS,NONE,GREEN,Boreal QA,routine compressed validation row
REC-0374,RUN-TBL-0374,diagnostics,PASS,NONE,GREEN,Cobalt Systems,routine compressed validation row
REC-0375,RUN-TBL-0375,gateway,PASS,NONE,GREEN,Delta Validation,routine compressed validation row
REC-0376,RUN-TBL-0376,battery,PASS,NONE,GREEN,Aster Lab,routine compressed validation row
REC-0377,RUN-TBL-0377,telematics,PASS,NONE,GREEN,Boreal QA,routine compressed validation row
REC-0378,RUN-TBL-0378,thermal,WARN,WARN_0378,YELLOW,Cobalt Systems,routine compressed validation row
REC-0379,RUN-TBL-0379,diagnostics,PASS,NONE,GREEN,Delta Validation,routine compressed validation row
REC-0380,RUN-TBL-0380,gateway,PASS,NONE,GREEN,Aster Lab,routine compressed validation row
REC-0381,RUN-TBL-0381,battery,PASS,NONE,GREEN,Boreal QA,routine compressed validation row
REC-0382,RUN-TBL-0382,telematics,PASS,NONE,GREEN,Cobalt Systems,routine compressed validation row
REC-0383,RUN-TBL-0383,thermal,PASS,NONE,GREEN,Delta Validation,routine compressed validation row
REC-0384,RUN-TBL-0384,diagnostics,PASS,NONE,GREEN,Aster Lab,routine compressed validation row
REC-0385,RUN-TBL-0385,gateway,WARN,WARN_0385,YELLOW,Boreal QA,routine compressed validation row
REC-0386,RUN-TBL-0386,battery,PASS,NONE,GREEN,Cobalt Systems,routine compressed validation row
REC-0387,RUN-TBL-0387,telematics,PASS,NONE,GREEN,Delta Validation,routine compressed validation row
REC-0388,RUN-TBL-0388,thermal,PASS,NONE,GREEN,Aster Lab,routine compressed validation row
REC-0389,RUN-TBL-0389,diagnostics,PASS,NONE,GREEN,Boreal QA,routine compressed validation row
REC-0390,RUN-TBL-0390,gateway,PASS,NONE,GREEN,Cobalt Systems,routine compressed validation row
REC-0391,RUN-TBL-0391,battery,PASS,NONE,GREEN,Delta Validation,routine compressed validation row
REC-0392,RUN-TBL-0392,telematics,WARN,WARN_0392,YELLOW,Aster Lab,routine compressed validation row
REC-0393,RUN-TBL-0393,thermal,PASS,NONE,GREEN,Boreal QA,routine compressed validation row
REC-0394,RUN-TBL-0394,diagnostics,PASS,NONE,GREEN,Cobalt Systems,routine compressed validation row
REC-0395,RUN-TBL-0395,gateway,PASS,NONE,GREEN,Delta Validation,routine compressed validation row
REC-0396,RUN-TBL-0396,battery,PASS,NONE,GREEN,Aster Lab,routine compressed validation row
REC-0397,RUN-TBL-0397,telematics,PASS,NONE,GREEN,Boreal QA,routine compressed validation row
REC-0398,RUN-TBL-0398,thermal,PASS,NONE,GREEN,Cobalt Systems,routine compressed validation row
REC-0399,RUN-TBL-0399,diagnostics,WARN,WARN_0399,YELLOW,Delta Validation,routine compressed validation row
REC-0400,RUN-TBL-0400,gateway,PASS,NONE,GREEN,Aster Lab,routine compressed validation row
REC-0401,RUN-TBL-0401,battery,PASS,NONE,GREEN,Boreal QA,routine compressed validation row
REC-0402,RUN-TBL-0402,telematics,PASS,NONE,GREEN,Cobalt Systems,routine compressed validation row
REC-0403,RUN-TBL-0403,thermal,PASS,NONE,GREEN,Delta Validation,routine compressed validation row
REC-0404,RUN-TBL-0404,diagnostics,PASS,NONE,GREEN,Aster Lab,routine compressed validation row
REC-0405,RUN-TBL-0405,gateway,PASS,NONE,GREEN,Boreal QA,routine compressed validation row
REC-0406,RUN-TBL-0406,battery,WARN,WARN_0406,YELLOW,Cobalt Systems,routine compressed validation row
REC-0407,RUN-TBL-0407,telematics,PASS,NONE,GREEN,Delta Validation,routine compressed validation row
REC-0408,RUN-TBL-0408,thermal,PASS,NONE,GREEN,Aster Lab,routine compressed validation row
REC-0409,RUN-TBL-0409,diagnostics,PASS,NONE,GREEN,Boreal QA,routine compressed validation row
REC-0410,RUN-TBL-0410,gateway,PASS,NONE,GREEN,Cobalt Systems,routine compressed validation row
REC-0411,RUN-TBL-0411,battery,PASS,NONE,GREEN,Delta Validation,routine compressed validation row
REC-0412,RUN-TBL-0412,telematics,PASS,NONE,GREEN,Aster Lab,routine compressed validation row
REC-0413,RUN-TBL-0413,thermal,WARN,WARN_0413,YELLOW,Boreal QA,routine compressed validation row
REC-0414,RUN-TBL-0414,diagnostics,PASS,NONE,GREEN,Cobalt Systems,routine compressed validation row
REC-0415,RUN-TBL-0415,gateway,PASS,NONE,GREEN,Delta Validation,routine compressed validation row
REC-0416,RUN-TBL-0416,battery,PASS,NONE,GREEN,Aster Lab,routine compressed validation row
REC-0417,RUN-TBL-0417,telematics,PASS,NONE,GREEN,Boreal QA,routine compressed validation row
REC-0418,RUN-TBL-0418,thermal,PASS,NONE,GREEN,Cobalt Systems,routine compressed validation row
REC-0419,RUN-TBL-0419,diagnostics,PASS,NONE,GREEN,Delta Validation,routine compressed validation row
REC-0420,RUN-TBL-0420,gateway,WARN,WARN_0420,YELLOW,Aster Lab,routine compressed validation row
REC-0421,RUN-TBL-0421,battery,PASS,NONE,GREEN,Boreal QA,routine compressed validation row
REC-0422,RUN-TBL-0422,telematics,PASS,NONE,GREEN,Cobalt Systems,routine compressed validation row
REC-0423,RUN-TBL-0423,thermal,PASS,NONE,GREEN,Delta Validation,routine compressed validation row
REC-0424,RUN-TBL-0424,diagnostics,PASS,NONE,GREEN,Aster Lab,routine compressed validation row
REC-0425,RUN-TBL-0425,gateway,PASS,NONE,GREEN,Boreal QA,routine compressed validation row
REC-0426,RUN-TBL-0426,battery,PASS,NONE,GREEN,Cobalt Systems,routine compressed validation row
REC-0427,RUN-TBL-0427,telematics,WARN,WARN_0427,YELLOW,Delta Validation,routine compressed validation row
REC-0428,RUN-TBL-0428,thermal,PASS,NONE,GREEN,Aster Lab,routine compressed validation row
REC-0429,RUN-TBL-0429,diagnostics,PASS,NONE,GREEN,Boreal QA,routine compressed validation row
REC-0430,RUN-TBL-0430,gateway,PASS,NONE,GREEN,Cobalt Systems,routine compressed validation row
REC-0431,RUN-TBL-0431,battery,PASS,NONE,GREEN,Delta Validation,routine compressed validation row
REC-0432,RUN-TBL-0432,telematics,PASS,NONE,GREEN,Aster Lab,routine compressed validation row
REC-0433,RUN-TBL-0433,thermal,PASS,NONE,GREEN,Boreal QA,routine compressed validation row
REC-0434,RUN-TBL-0434,diagnostics,WARN,WARN_0434,YELLOW,Cobalt Systems,routine compressed validation row
REC-0435,RUN-TBL-0435,gateway,PASS,NONE,GREEN,Delta Validation,routine compressed validation row
REC-0436,RUN-TBL-0436,battery,PASS,NONE,GREEN,Aster Lab,routine compressed validation row
REC-0437,RUN-TBL-0437,telematics,PASS,NONE,GREEN,Boreal QA,routine compressed validation row
REC-0438,RUN-TBL-0438,thermal,PASS,NONE,GREEN,Cobalt Systems,routine compressed validation row
REC-0439,RUN-TBL-0439,diagnostics,PASS,NONE,GREEN,Delta Validation,routine compressed validation row
REC-0440,RUN-TBL-0440,gateway,PASS,NONE,GREEN,Aster Lab,routine compressed validation row
REC-0441,RUN-TBL-0441,battery,WARN,WARN_0441,YELLOW,Boreal QA,routine compressed validation row
REC-0442,RUN-TBL-0442,telematics,PASS,NONE,GREEN,Cobalt Systems,routine compressed validation row
REC-0443,RUN-TBL-0443,thermal,PASS,NONE,GREEN,Delta Validation,routine compressed validation row
REC-0444,RUN-TBL-0444,diagnostics,PASS,NONE,GREEN,Aster Lab,routine compressed validation row
REC-0445,RUN-TBL-0445,gateway,PASS,NONE,GREEN,Boreal QA,routine compressed validation row
REC-0446,RUN-TBL-0446,battery,PASS,NONE,GREEN,Cobalt Systems,routine compressed validation row
REC-0447,RUN-TBL-0447,telematics,PASS,NONE,GREEN,Delta Validation,routine compressed validation row
REC-0448,RUN-TBL-0448,thermal,WARN,WARN_0448,YELLOW,Aster Lab,routine compressed validation row
REC-0449,RUN-TBL-0449,diagnostics,PASS,NONE,GREEN,Boreal QA,routine compressed validation row
REC-0450,RUN-TBL-0450,gateway,PASS,NONE,GREEN,Cobalt Systems,routine compressed validation row
REC-0451,RUN-TBL-0451,battery,PASS,NONE,GREEN,Delta Validation,routine compressed validation row
REC-0452,RUN-TBL-0452,telematics,PASS,NONE,GREEN,Aster Lab,routine compressed validation row
REC-0453,RUN-TBL-0453,thermal,PASS,NONE,GREEN,Boreal QA,routine compressed validation row
REC-0454,RUN-TBL-0454,diagnostics,PASS,NONE,GREEN,Cobalt Systems,routine compressed validation row
REC-0455,RUN-TBL-0455,gateway,WARN,WARN_0455,YELLOW,Delta Validation,routine compressed validation row
REC-0456,RUN-TBL-0456,battery,PASS,NONE,GREEN,Aster Lab,routine compressed validation row
REC-0457,RUN-TBL-0457,telematics,PASS,NONE,GREEN,Boreal QA,routine compressed validation row
REC-0458,RUN-TBL-0458,thermal,PASS,NONE,GREEN,Cobalt Systems,routine compressed validation row
REC-0459,RUN-TBL-0459,diagnostics,PASS,NONE,GREEN,Delta Validation,routine compressed validation row
REC-0460,RUN-TBL-0460,gateway,PASS,NONE,GREEN,Aster Lab,routine compressed validation row
REC-0461,RUN-TBL-0461,battery,PASS,NONE,GREEN,Boreal QA,routine compressed validation row
REC-0462,RUN-TBL-0462,telematics,WARN,WARN_0462,YELLOW,Cobalt Systems,routine compressed validation row
REC-0463,RUN-TBL-0463,thermal,PASS,NONE,GREEN,Delta Validation,routine compressed validation row
REC-0464,RUN-TBL-0464,diagnostics,PASS,NONE,GREEN,Aster Lab,routine compressed validation row
REC-0465,RUN-TBL-0465,gateway,PASS,NONE,GREEN,Boreal QA,routine compressed validation row
REC-0466,RUN-TBL-0466,battery,PASS,NONE,GREEN,Cobalt Systems,routine compressed validation row
REC-0467,RUN-TBL-0467,telematics,PASS,NONE,GREEN,Delta Validation,routine compressed validation row
REC-0468,RUN-TBL-0468,thermal,PASS,NONE,GREEN,Aster Lab,routine compressed validation row
REC-0469,RUN-TBL-0469,diagnostics,WARN,WARN_0469,YELLOW,Boreal QA,routine compressed validation row
REC-0470,RUN-TBL-0470,gateway,PASS,NONE,GREEN,Cobalt Systems,routine compressed validation row
REC-0471,RUN-TBL-0471,battery,PASS,NONE,GREEN,Delta Validation,routine compressed validation row
REC-0472,RUN-TBL-0472,telematics,PASS,NONE,GREEN,Aster Lab,routine compressed validation row
REC-0473,RUN-TBL-0473,thermal,PASS,NONE,GREEN,Boreal QA,routine compressed validation row
REC-0474,RUN-TBL-0474,diagnostics,PASS,NONE,GREEN,Cobalt Systems,routine compressed validation row
REC-0475,RUN-TBL-0475,gateway,PASS,NONE,GREEN,Delta Validation,routine compressed validation row
REC-0476,RUN-TBL-0476,battery,WARN,WARN_0476,YELLOW,Aster Lab,routine compressed validation row
REC-0477,RUN-TBL-0477,telematics,PASS,NONE,GREEN,Boreal QA,routine compressed validation row
REC-0478,RUN-TBL-0478,thermal,PASS,NONE,GREEN,Cobalt Systems,routine compressed validation row
REC-0479,RUN-TBL-0479,diagnostics,PASS,NONE,GREEN,Delta Validation,routine compressed validation row
REC-0480,RUN-TBL-0480,gateway,PASS,NONE,GREEN,Aster Lab,routine compressed validation row
REC-0481,RUN-TBL-0481,battery,PASS,NONE,GREEN,Boreal QA,routine compressed validation row
REC-0482,RUN-TBL-0482,telematics,PASS,NONE,GREEN,Cobalt Systems,routine compressed validation row
REC-0483,RUN-TBL-0483,thermal,WARN,WARN_0483,YELLOW,Delta Validation,routine compressed validation row
REC-0484,RUN-TBL-0484,diagnostics,PASS,NONE,GREEN,Aster Lab,routine compressed validation row
REC-0485,RUN-TBL-0485,gateway,PASS,NONE,GREEN,Boreal QA,routine compressed validation row
REC-0486,RUN-TBL-0486,battery,PASS,NONE,GREEN,Cobalt Systems,routine compressed validation row
REC-0487,RUN-TBL-0487,telematics,PASS,NONE,GREEN,Delta Validation,routine compressed validation row
REC-0488,RUN-TBL-0488,thermal,PASS,NONE,GREEN,Aster Lab,routine compressed validation row
REC-0489,RUN-TBL-0489,diagnostics,PASS,NONE,GREEN,Boreal QA,routine compressed validation row
REC-0490,RUN-TBL-0490,gateway,WARN,WARN_0490,YELLOW,Cobalt Systems,routine compressed validation row
REC-0491,RUN-TBL-0491,battery,PASS,NONE,GREEN,Delta Validation,routine compressed validation row
REC-0492,RUN-TBL-0492,telematics,PASS,NONE,GREEN,Aster Lab,routine compressed validation row
REC-0493,RUN-TBL-0493,thermal,PASS,NONE,GREEN,Boreal QA,routine compressed validation row
REC-0494,RUN-TBL-0494,diagnostics,PASS,NONE,GREEN,Cobalt Systems,routine compressed validation row
REC-0495,RUN-TBL-0495,gateway,PASS,NONE,GREEN,Delta Validation,routine compressed validation row
REC-0496,RUN-TBL-0496,battery,PASS,NONE,GREEN,Aster Lab,routine compressed validation row
REC-0497,RUN-TBL-0497,telematics,WARN,WARN_0497,YELLOW,Boreal QA,routine compressed validation row
REC-0498,RUN-TBL-0498,thermal,PASS,NONE,GREEN,Cobalt Systems,routine compressed validation row
REC-0499,RUN-TBL-0499,diagnostics,PASS,NONE,GREEN,Delta Validation,routine compressed validation row
REC-0500,RUN-TBL-0500,gateway,PASS,NONE,GREEN,Aster Lab,routine compressed validation row
REC-0501,RUN-TBL-0501,battery,PASS,NONE,GREEN,Boreal QA,routine compressed validation row
REC-0502,RUN-TBL-0502,telematics,PASS,NONE,GREEN,Cobalt Systems,routine compressed validation row
REC-0503,RUN-TBL-0503,thermal,PASS,NONE,GREEN,Delta Validation,routine compressed validation row
REC-0504,RUN-TBL-0504,diagnostics,WARN,WARN_0504,YELLOW,Aster Lab,routine compressed validation row
REC-0505,RUN-TBL-0505,gateway,PASS,NONE,GREEN,Boreal QA,routine compressed validation row
REC-0506,RUN-TBL-0506,battery,PASS,NONE,GREEN,Cobalt Systems,routine compressed validation row
REC-0507,RUN-TBL-0507,telematics,PASS,NONE,GREEN,Delta Validation,routine compressed validation row
REC-0508,RUN-TBL-0508,thermal,PASS,NONE,GREEN,Aster Lab,routine compressed validation row
REC-0509,RUN-TBL-0509,diagnostics,PASS,NONE,GREEN,Boreal QA,routine compressed validation row
REC-0510,RUN-TBL-0510,gateway,PASS,NONE,GREEN,Cobalt Systems,routine compressed validation row
REC-0511,RUN-TBL-0511,battery,WARN,WARN_0511,YELLOW,Delta Validation,routine compressed validation row
REC-0512,RUN-TBL-0512,telematics,PASS,NONE,GREEN,Aster Lab,routine compressed validation row
REC-0513,RUN-TBL-0513,thermal,PASS,NONE,GREEN,Boreal QA,routine compressed validation row
REC-0514,RUN-TBL-0514,diagnostics,PASS,NONE,GREEN,Cobalt Systems,routine compressed validation row
REC-0515,RUN-TBL-0515,gateway,PASS,NONE,GREEN,Delta Validation,routine compressed validation row
REC-0516,RUN-TBL-0516,battery,PASS,NONE,GREEN,Aster Lab,routine compressed validation row
REC-0517,RUN-TBL-0517,telematics,PASS,NONE,GREEN,Boreal QA,routine compressed validation row
REC-0518,RUN-TBL-0518,thermal,WARN,WARN_0518,YELLOW,Cobalt Systems,routine compressed validation row
REC-0519,RUN-TBL-0519,diagnostics,PASS,NONE,GREEN,Delta Validation,routine compressed validation row
REC-0520,RUN-TBL-0520,gateway,PASS,NONE,GREEN,Aster Lab,routine compressed validation row
REC-0521,RUN-TBL-0521,battery,PASS,NONE,GREEN,Boreal QA,routine compressed validation row
REC-0522,RUN-TBL-0522,telematics,PASS,NONE,GREEN,Cobalt Systems,routine compressed validation row
REC-0523,RUN-TBL-0523,thermal,PASS,NONE,GREEN,Delta Validation,routine compressed validation row
REC-0524,RUN-TBL-0524,diagnostics,PASS,NONE,GREEN,Aster Lab,routine compressed validation row
REC-0525,RUN-TBL-0525,gateway,WARN,WARN_0525,YELLOW,Boreal QA,routine compressed validation row
REC-0526,RUN-TBL-0526,battery,PASS,NONE,GREEN,Cobalt Systems,routine compressed validation row
REC-0527,RUN-TBL-0527,telematics,PASS,NONE,GREEN,Delta Validation,routine compressed validation row
REC-0528,RUN-TBL-0528,thermal,PASS,NONE,GREEN,Aster Lab,routine compressed validation row
REC-0529,RUN-TBL-0529,diagnostics,PASS,NONE,GREEN,Boreal QA,routine compressed validation row
REC-0530,RUN-TBL-0530,gateway,PASS,NONE,GREEN,Cobalt Systems,routine compressed validation row
REC-0531,RUN-TBL-0531,battery,PASS,NONE,GREEN,Delta Validation,routine compressed validation row
REC-0532,RUN-TBL-0532,telematics,WARN,WARN_0532,YELLOW,Aster Lab,routine compressed validation row
REC-0533,RUN-TBL-0533,thermal,PASS,NONE,GREEN,Boreal QA,routine compressed validation row
REC-0534,RUN-TBL-0534,diagnostics,PASS,NONE,GREEN,Cobalt Systems,routine compressed validation row
REC-0535,RUN-TBL-0535,gateway,PASS,NONE,GREEN,Delta Validation,routine compressed validation row
REC-0536,RUN-TBL-0536,battery,PASS,NONE,GREEN,Aster Lab,routine compressed validation row
REC-0537,RUN-TBL-0537,telematics,PASS,NONE,GREEN,Boreal QA,routine compressed validation row
REC-0538,RUN-TBL-0538,thermal,PASS,NONE,GREEN,Cobalt Systems,routine compressed validation row
REC-0539,RUN-TBL-0539,diagnostics,WARN,WARN_0539,YELLOW,Delta Validation,routine compressed validation row
REC-0540,RUN-TBL-0540,gateway,FAIL,ERR_TABLE_540,RED,Orion Validation,late exact target row for large table lookup
REC-0541,RUN-TBL-0541,battery,PASS,NONE,GREEN,Boreal QA,routine compressed validation row
REC-0542,RUN-TBL-0542,telematics,PASS,NONE,GREEN,Cobalt Systems,routine compressed validation row
REC-0543,RUN-TBL-0543,thermal,PASS,NONE,GREEN,Delta Validation,routine compressed validation row
REC-0544,RUN-TBL-0544,diagnostics,PASS,NONE,GREEN,Aster Lab,routine compressed validation row
REC-0545,RUN-TBL-0545,gateway,PASS,NONE,GREEN,Boreal QA,routine compressed validation row
REC-0546,RUN-TBL-0546,battery,WARN,WARN_0546,YELLOW,Cobalt Systems,routine compressed validation row
REC-0547,RUN-TBL-0547,telematics,PASS,NONE,GREEN,Delta Validation,routine compressed validation row
REC-0548,RUN-TBL-0548,thermal,PASS,NONE,GREEN,Aster Lab,routine compressed validation row
REC-0549,RUN-TBL-0549,diagnostics,PASS,NONE,GREEN,Boreal QA,routine compressed validation row
REC-0550,RUN-TBL-0550,gateway,PASS,NONE,GREEN,Cobalt Systems,routine compressed validation row
REC-0551,RUN-TBL-0551,battery,PASS,NONE,GREEN,Delta Validation,routine compressed validation row
REC-0552,RUN-TBL-0552,telematics,PASS,NONE,GREEN,Aster Lab,routine compressed validation row
REC-0553,RUN-TBL-0553,thermal,WARN,WARN_0553,YELLOW,Boreal QA,routine compressed validation row
REC-0554,RUN-TBL-0554,diagnostics,PASS,NONE,GREEN,Cobalt Systems,routine compressed validation row
REC-0555,RUN-TBL-0555,gateway,PASS,NONE,GREEN,Delta Validation,routine compressed validation row
REC-0556,RUN-TBL-0556,battery,PASS,NONE,GREEN,Aster Lab,routine compressed validation row
REC-0557,RUN-TBL-0557,telematics,PASS,NONE,GREEN,Boreal QA,routine compressed validation row
REC-0558,RUN-TBL-0558,thermal,PASS,NONE,GREEN,Cobalt Systems,routine compressed validation row
REC-0559,RUN-TBL-0559,diagnostics,PASS,NONE,GREEN,Delta Validation,routine compressed validation row
REC-0560,RUN-TBL-0560,gateway,WARN,WARN_0560,YELLOW,Aster Lab,routine compressed validation row
REC-0561,RUN-TBL-0561,battery,PASS,NONE,GREEN,Boreal QA,routine compressed validation row
REC-0562,RUN-TBL-0562,telematics,PASS,NONE,GREEN,Cobalt Systems,routine compressed validation row
REC-0563,RUN-TBL-0563,thermal,PASS,NONE,GREEN,Delta Validation,routine compressed validation row
REC-0564,RUN-TBL-0564,diagnostics,PASS,NONE,GREEN,Aster Lab,routine compressed validation row
REC-0565,RUN-TBL-0565,gateway,PASS,NONE,GREEN,Boreal QA,routine compressed validation row
REC-0566,RUN-TBL-0566,battery,PASS,NONE,GREEN,Cobalt Systems,routine compressed validation row
REC-0567,RUN-TBL-0567,telematics,WARN,WARN_0567,YELLOW,Delta Validation,routine compressed validation row
REC-0568,RUN-TBL-0568,thermal,PASS,NONE,GREEN,Aster Lab,routine compressed validation row
REC-0569,RUN-TBL-0569,diagnostics,PASS,NONE,GREEN,Boreal QA,routine compressed validation row
REC-0570,RUN-TBL-0570,gateway,PASS,NONE,GREEN,Cobalt Systems,routine compressed validation row
REC-0571,RUN-TBL-0571,battery,PASS,NONE,GREEN,Delta Validation,routine compressed validation row
REC-0572,RUN-TBL-0572,telematics,PASS,NONE,GREEN,Aster Lab,routine compressed validation row
REC-0573,RUN-TBL-0573,thermal,PASS,NONE,GREEN,Boreal QA,routine compressed validation row
REC-0574,RUN-TBL-0574,diagnostics,WARN,WARN_0574,YELLOW,Cobalt Systems,routine compressed validation row
REC-0575,RUN-TBL-0575,gateway,PASS,NONE,GREEN,Delta Validation,routine compressed validation row
REC-0576,RUN-TBL-0576,battery,PASS,NONE,GREEN,Aster Lab,routine compressed validation row
REC-0577,RUN-TBL-0577,telematics,PASS,NONE,GREEN,Boreal QA,routine compressed validation row
REC-0578,RUN-TBL-0578,thermal,PASS,NONE,GREEN,Cobalt Systems,routine compressed validation row
REC-0579,RUN-TBL-0579,diagnostics,PASS,NONE,GREEN,Delta Validation,routine compressed validation row
REC-0580,RUN-TBL-0580,gateway,PASS,NONE,GREEN,Aster Lab,routine compressed validation row
REC-0581,RUN-TBL-0581,battery,WARN,WARN_0581,YELLOW,Boreal QA,routine compressed validation row
REC-0582,RUN-TBL-0582,telematics,PASS,NONE,GREEN,Cobalt Systems,routine compressed validation row
REC-0583,RUN-TBL-0583,thermal,PASS,NONE,GREEN,Delta Validation,routine compressed validation row
REC-0584,RUN-TBL-0584,diagnostics,PASS,NONE,GREEN,Aster Lab,routine compressed validation row
REC-0585,RUN-TBL-0585,gateway,PASS,NONE,GREEN,Boreal QA,routine compressed validation row
REC-0586,RUN-TBL-0586,battery,PASS,NONE,GREEN,Cobalt Systems,routine compressed validation row
REC-0587,RUN-TBL-0587,telematics,PASS,NONE,GREEN,Delta Validation,routine compressed validation row
REC-0588,RUN-TBL-0588,thermal,WARN,WARN_0588,YELLOW,Aster Lab,routine compressed validation row
REC-0589,RUN-TBL-0589,diagnostics,PASS,NONE,GREEN,Boreal QA,routine compressed validation row
REC-0590,RUN-TBL-0590,gateway,PASS,NONE,GREEN,Cobalt Systems,routine compressed validation row
REC-0591,RUN-TBL-0591,battery,PASS,NONE,GREEN,Delta Validation,routine compressed validation row
REC-0592,RUN-TBL-0592,telematics,PASS,NONE,GREEN,Aster Lab,routine compressed validation row
REC-0593,RUN-TBL-0593,thermal,PASS,NONE,GREEN,Boreal QA,routine compressed validation row
REC-0594,RUN-TBL-0594,diagnostics,PASS,NONE,GREEN,Cobalt Systems,routine compressed validation row
REC-0595,RUN-TBL-0595,gateway,WARN,WARN_0595,YELLOW,Delta Validation,routine compressed validation row
REC-0596,RUN-TBL-0596,battery,PASS,NONE,GREEN,Aster Lab,routine compressed validation row
REC-0597,RUN-TBL-0597,telematics,PASS,NONE,GREEN,Boreal QA,routine compressed validation row
REC-0598,RUN-TBL-0598,thermal,PASS,NONE,GREEN,Cobalt Systems,routine compressed validation row
REC-0599,RUN-TBL-0599,diagnostics,PASS,NONE,GREEN,Delta Validation,routine compressed validation row
REC-0600,RUN-TBL-0600,gateway,PASS,NONE,GREEN,Aster Lab,routine compressed validation row
REC-0601,RUN-TBL-0601,battery,PASS,NONE,GREEN,Boreal QA,routine compressed validation row
REC-0602,RUN-TBL-0602,telematics,WARN,WARN_0602,YELLOW,Cobalt Systems,routine compressed validation row
REC-0603,RUN-TBL-0603,thermal,PASS,NONE,GREEN,Delta Validation,routine compressed validation row
REC-0604,RUN-TBL-0604,diagnostics,PASS,NONE,GREEN,Aster Lab,routine compressed validation row
REC-0605,RUN-TBL-0605,gateway,PASS,NONE,GREEN,Boreal QA,routine compressed validation row
REC-0606,RUN-TBL-0606,battery,PASS,NONE,GREEN,Cobalt Systems,routine compressed validation row
REC-0607,RUN-TBL-0607,telematics,PASS,NONE,GREEN,Delta Validation,routine compressed validation row
REC-0608,RUN-TBL-0608,thermal,PASS,NONE,GREEN,Aster Lab,routine compressed validation row
REC-0609,RUN-TBL-0609,diagnostics,WARN,WARN_0609,YELLOW,Boreal QA,routine compressed validation row
REC-0610,RUN-TBL-0610,gateway,PASS,NONE,GREEN,Cobalt Systems,routine compressed validation row
REC-0611,RUN-TBL-0611,battery,PASS,NONE,GREEN,Delta Validation,routine compressed validation row
REC-0612,RUN-TBL-0612,telematics,PASS,NONE,GREEN,Aster Lab,routine compressed validation row
REC-0613,RUN-TBL-0613,thermal,PASS,NONE,GREEN,Boreal QA,routine compressed validation row
REC-0614,RUN-TBL-0614,diagnostics,PASS,NONE,GREEN,Cobalt Systems,routine compressed validation row
REC-0615,RUN-TBL-0615,gateway,PASS,NONE,GREEN,Delta Validation,routine compressed validation row
REC-0616,RUN-TBL-0616,battery,WARN,WARN_0616,YELLOW,Aster Lab,routine compressed validation row
REC-0617,RUN-TBL-0617,telematics,PASS,NONE,GREEN,Boreal QA,routine compressed validation row
REC-0618,RUN-TBL-0618,thermal,PASS,NONE,GREEN,Cobalt Systems,routine compressed validation row
REC-0619,RUN-TBL-0619,diagnostics,PASS,NONE,GREEN,Delta Validation,routine compressed validation row
REC-0620,RUN-TBL-0620,gateway,PASS,NONE,GREEN,Aster Lab,routine compressed validation row
